graph,L,N,K,beta,k,rep,seed,max_mcs,censored,Text_attempts,Text_mcs,extinct
lattice2D,3,9,4,0.000000,1.000000,0,11936128518238136496,50,0,7,0.777778,P
lattice2D,3,9,4,0.000000,1.000000,1,11936128519553560407,50,0,31,3.444444,S
